{
  "values": [
    {
      "block": "minecraft:pink_petals",
      "start_season": 0.108333333333333,
      "end_season": 0.908333333333333
    },
    {
      "block": "dynamicseasons:fallen_leaves",
      "start_season": 0.466666666666667,
      "end_season": 0.666666666666667
    }
  ]
}